week,tier_paid,opening_loyalty,closing_loyalty,outcome,salary,mission_pay,unexpected,shortfall,repayment,clemency,interest,trigger_debt,offer_cash,cash,debt,eligible_for_agent_next_week
1,Recruit,5,6,standard,800,190,100,0,290,0,11,221,0,200,221,False
2,Recruit,6,6,failure,800,50,400,250,0,0,24,495,0,0,495,False
3,Recruit,6,7,standard,800,190,150,60,0,0,28,583,0,0,583,False
4,Recruit,7,8,strong,800,400,100,0,0,0,30,613,0,200,613,False
5,Recruit,8,9,standard,800,330,250,0,0,0,31,644,0,180,644,False
6,Recruit,9,10,strong,1200,260,50,0,490,0,8,162,0,200,162,False
7,Recruit,10,10,standard,1200,190,450,0,40,0,7,129,0,200,129,False
8,Recruit,10,10,strong,1200,260,50,0,129,0,0,0,0,581,0,False
9,Recruit,10,10,strong,1200,260,0,0,0,0,0,0,0,1141,0,True
10,Agent,10,10,failure,1800,50,100,0,0,0,0,0,0,1991,0,True
11,Agent,10,10,standard,1800,190,100,0,0,0,0,0,0,2981,0,True
12,Agent,10,10,standard,1800,190,100,0,0,0,0,0,0,3971,0,True
13,Agent,10,10,standard,1800,190,100,0,0,0,0,0,0,4961,0,True
14,Agent,10,10,standard,1800,190,0,0,0,0,0,0,0,6051,0,True
15,Agent,10,10,failure,1800,50,50,0,0,0,0,0,0,6951,0,True
